{
    "data": [{
        "src": "img/list_pic1.jpg",
        "name": "北京杜莎夫人蜡像馆",
        "week": "本周热卖",
        "num": "已订1598",
        "sore": "5.0分",
        "money": "150",
        "oldmoney": "170"
    }, {
        "src": "img/list_pic2.jpg",
        "name": "石景山游乐园",
        "week": "本周热卖",
        "num": "已订8680",
        "sore": "5.0分",
        "money": "115",
        "oldmoney": "130"
    }, {
        "src": "img/list_pic3.jpg",
        "name": "十三陵",
        "week": "分享立减",
        "num": "已订8680",
        "sore": "5.0分",
        "money": "31",
        "oldmoney": "35"
    }, {
        "src": "img/list_pic4.jpg",
        "name": "北京蓝天城",
        "week": "分享立减",
        "num": "已订16928",
        "sore": "5.0分",
        "money": "40",
        "oldmoney": "50"
    }]
}